país,ano,Código_país_co2,valor_co2,Valor_Elec
Antigua and Barbuda,2017,ATG,6.640982,100.0
Argentina,2010,ARG,4.507803,98.8
Azerbaijan,2012,AZE,3.4950342,100.0
Bahrain,2014,BHR,23.590342,100.0
Barbados,2019,BRB,4.949633,100.0
Bermuda,2018,BMU,10.902713,100.0
Colombia,2014,COL,1.9766101,97.8
Cuba,2009,CUB,2.5021207,97.6
Faroe Islands,2006,FRO,13.988773,100.0
Greenland,2017,GRL,9.55366,100.0
Guatemala,2018,GTM,1.088612,94.2
Guatemala,2020,GTM,0.98845255,96.6
Haiti,2012,HTI,0.22465797,37.9
Kazakhstan,2007,KAZ,13.883832,100.0
Lesotho,2005,LSO,1.0299301,9.6
Lower-middle-income countries,2019,,1.4780236,87.613525
Luxembourg,2007,LUX,23.532677,100.0
Madagascar,2018,MDG,0.13109523,36.5
New Caledonia,2003,NCL,11.5155945,100.0
New Caledonia,2016,NCL,19.340572,100.0
Oman,2012,OMN,17.790545,100.0
South Korea,2009,KOR,11.078403,100.0
Sudan,2016,SDN,0.47836417,50.5
Switzerland,2001,CHE,6.2389235,100.0
Turkey,2010,TUR,4.345254,100.0
Uzbekistan,2008,UZB,4.6694994,99.5
Uzbekistan,2011,UZB,4.050717,99.7
Botswana,2014,BWA,3.1537738,60.0
Brunei,2001,BRN,17.272831,100.0
Canada,2009,CAN,15.997278,100.0
Canada,2019,CAN,15.324565,100.0
Colombia,2006,COL,1.4632028,95.7
Comoros,2003,COM,0.23791873,46.5
Croatia,2014,HRV,4.18296,100.0
Djibouti,2001,DJI,0.47503537,56.1
Dominican Republic,2017,DOM,2.1988876,100.0
Gabon,2007,GAB,3.2370512,81.3
Gabon,2010,GAB,3.2143426,89.3
Germany,2006,DEU,10.849607,100.0
Honduras,2009,HND,0.9805253,78.3
Japan,2001,JPN,9.790459,100.0
Kazakhstan,2017,KAZ,17.034184,100.0
Latvia,2007,LVA,3.9246342,99.7
Madagascar,2008,MDG,0.085418634,18.3
Marshall Islands,2006,MHL,2.324739,77.2
Micronesia (country),2017,FSM,1.3050458,76.5
Nauru,2020,NRU,4.71153,100.0
Sao Tome and Principe,2016,STP,0.71948236,69.4
Seychelles,2018,SYC,5.1909294,100.0
Singapore,2019,SGP,8.642643,100.0
